"plan_title","map_reference","pair_number","connector_a","pin_a","connector_b","pin_b","expected","user_recorded_status","note","limitations"
"Bench sample · Y branch","E2E6750B","1","J1","1","J1","2","not-connected","pass","Synthetic observation","Manual record; not measured evidence or electrical certification. Disconnected wire-only passive assemblies only."
"Bench sample · Y branch","E2E6750B","2","J1","1","J1","3","not-connected","fail","","Manual record; not measured evidence or electrical certification. Disconnected wire-only passive assemblies only."
"Bench sample · Y branch","E2E6750B","3","J1","1","J2","1","connected","skipped","","Manual record; not measured evidence or electrical certification. Disconnected wire-only passive assemblies only."
"Bench sample · Y branch","E2E6750B","4","J1","1","J2","2","not-connected","untested","","Manual record; not measured evidence or electrical certification. Disconnected wire-only passive assemblies only."
"Bench sample · Y branch","E2E6750B","5","J1","1","J3","1","connected","untested","","Manual record; not measured evidence or electrical certification. Disconnected wire-only passive assemblies only."
"Bench sample · Y branch","E2E6750B","6","J1","1","J3","2","not-connected","untested","","Manual record; not measured evidence or electrical certification. Disconnected wire-only passive assemblies only."
"Bench sample · Y branch","E2E6750B","7","J1","2","J1","3","not-connected","untested","","Manual record; not measured evidence or electrical certification. Disconnected wire-only passive assemblies only."
"Bench sample · Y branch","E2E6750B","8","J1","2","J2","1","not-connected","untested","","Manual record; not measured evidence or electrical certification. Disconnected wire-only passive assemblies only."
"Bench sample · Y branch","E2E6750B","9","J1","2","J2","2","connected","untested","","Manual record; not measured evidence or electrical certification. Disconnected wire-only passive assemblies only."
"Bench sample · Y branch","E2E6750B","10","J1","2","J3","1","not-connected","untested","","Manual record; not measured evidence or electrical certification. Disconnected wire-only passive assemblies only."
"Bench sample · Y branch","E2E6750B","11","J1","2","J3","2","connected","untested","","Manual record; not measured evidence or electrical certification. Disconnected wire-only passive assemblies only."
"Bench sample · Y branch","E2E6750B","12","J1","3","J2","1","not-connected","untested","","Manual record; not measured evidence or electrical certification. Disconnected wire-only passive assemblies only."
"Bench sample · Y branch","E2E6750B","13","J1","3","J2","2","not-connected","untested","","Manual record; not measured evidence or electrical certification. Disconnected wire-only passive assemblies only."
"Bench sample · Y branch","E2E6750B","14","J1","3","J3","1","not-connected","untested","","Manual record; not measured evidence or electrical certification. Disconnected wire-only passive assemblies only."
"Bench sample · Y branch","E2E6750B","15","J1","3","J3","2","not-connected","untested","","Manual record; not measured evidence or electrical certification. Disconnected wire-only passive assemblies only."
"Bench sample · Y branch","E2E6750B","16","J2","1","J2","2","not-connected","untested","","Manual record; not measured evidence or electrical certification. Disconnected wire-only passive assemblies only."
"Bench sample · Y branch","E2E6750B","17","J2","1","J3","1","connected","untested","","Manual record; not measured evidence or electrical certification. Disconnected wire-only passive assemblies only."
"Bench sample · Y branch","E2E6750B","18","J2","1","J3","2","not-connected","untested","","Manual record; not measured evidence or electrical certification. Disconnected wire-only passive assemblies only."
"Bench sample · Y branch","E2E6750B","19","J2","2","J3","1","not-connected","untested","","Manual record; not measured evidence or electrical certification. Disconnected wire-only passive assemblies only."
"Bench sample · Y branch","E2E6750B","20","J2","2","J3","2","connected","untested","","Manual record; not measured evidence or electrical certification. Disconnected wire-only passive assemblies only."
"Bench sample · Y branch","E2E6750B","21","J3","1","J3","2","not-connected","untested","","Manual record; not measured evidence or electrical certification. Disconnected wire-only passive assemblies only."
